Model,Accuracy,Precision,Recall,F1-Score,ROC-AUC
Random Forest (Baseline),0.846,0.7619047619047619,0.3538083538083538,0.48322147651006714,0.8172540799659443
Random Forest (Tuned),0.8335,0.5742971887550201,0.7027027027027027,0.6320441988950276,0.8657841200214083
XGBoost (Tuned),0.8155,0.5361216730038023,0.6928746928746928,0.6045016077170418,0.8554054825241266
